{
  "type": "chart",
  "params": {
    "datasetSmartName": "transactions_stacked_joined_prepared2",
    "engineType": "LINO",
    "refreshableSelection": {
      "selection": {
        "useMemTable": false,
        "filter": {
          "distinct": false,
          "enabled": false
        },
        "partitionSelectionMethod": "ALL",
        "latestPartitionsN": 1,
        "ordering": {
          "enabled": false,
          "rules": []
        },
        "samplingMethod": "HEAD_SEQUENTIAL",
        "maxRecords": 250000,
        "targetRatio": 0.02,
        "withinFirstN": -1,
        "maxReadUncompressedBytes": -1
      },
      "autoRefreshSample": false,
      "_refreshTrigger": 1687530870085
    },
    "def": {
      "type": "admin_map",
      "variant": "filled_map",
      "name": "New chart",
      "userEditedName": false,
      "displayWithEChartsByDefault": true,
      "genericDimension0": [],
      "genericDimension1": [],
      "facetDimension": [],
      "animationDimension": [],
      "genericMeasures": [],
      "xDimension": [],
      "yDimension": [],
      "uaXDimension": [],
      "uaYDimension": [],
      "uaSize": [],
      "uaShape": [],
      "uaColor": [],
      "uaTooltip": [],
      "groupDimension": [],
      "xMeasure": [],
      "yMeasure": [],
      "colorMeasure": [
        {
          "column": "authorized_flag",
          "function": "COUNT",
          "type": "ALPHANUM",
          "displayed": true,
          "isA": "measure",
          "displayAxis": "axis1",
          "displayType": "column",
          "computeModeDim": 0,
          "multiplier": "Auto",
          "prefix": "",
          "suffix": "",
          "colorRules": []
        }
      ],
      "sizeMeasure": [],
      "geometry": [
        {
          "column": "marchand_location",
          "type": "GEOPOINT",
          "treatAsAlphanum": false,
          "isA": "ua",
          "adminLevel": 4
        }
      ],
      "geoLayers": [
        {
          "geometry": [],
          "colorOptions": {
            "singleColor": "#2678B1",
            "transparency": 0.75,
            "colorPalette": "default",
            "ccScaleMode": "NORMAL",
            "customPalette": {
              "id": "__dku_custom__",
              "name": "Custom Palette",
              "colors": [],
              "values": [],
              "fixedValues": false
            },
            "paletteType": "CONTINUOUS",
            "quantizationMode": "NONE",
            "numQuantizeSteps": 5,
            "paletteMiddleValue": 0.0,
            "customColors": {},
            "heatDensityMapIntensity": 0.5,
            "heatDensityMapRadius": 0.5
          },
          "uaColor": []
        }
      ],
      "tooltipMeasures": [],
      "boxplotBreakdownDim": [],
      "boxplotValue": [],
      "filters": [],
      "axis1LogScale": false,
      "axis2LogScale": false,
      "includeZero": true,
      "smoothing": true,
      "showLegend": true,
      "showXAxis": false,
      "showInChartValues": false,
      "showInChartLabels": true,
      "strokeWidth": 2,
      "fillOpacity": 0.6,
      "showXAxisLabel": true,
      "showYAxisLabel": true,
      "yAxisNumberFormattingOptions": {
        "multiplier": "Auto",
        "prefix": "",
        "suffix": ""
      },
      "xAxisNumberFormattingOptions": {
        "multiplier": "Auto",
        "prefix": "",
        "suffix": ""
      },
      "displayXAxis": true,
      "displayYAxis": true,
      "hexbinRadius": 20,
      "hexbinNumber": 20,
      "hexbinRadiusMode": "NUM_HEXAGONS",
      "yCustomExtent": {
        "editMode": "AUTO",
        "manualExtent": [
          null,
          null
        ]
      },
      "xCustomExtent": {
        "editMode": "AUTO",
        "manualExtent": [
          null,
          null
        ]
      },
      "chartHeight": 200,
      "singleXAxis": true,
      "multiTooltips": false,
      "animationFrameDuration": 3000,
      "animationRepeat": true,
      "colorOptions": {
        "singleColor": "#2678B1",
        "transparency": 0.75,
        "colorPalette": "ryg1",
        "ccScaleMode": "NORMAL",
        "customPalette": {
          "id": "__dku_custom__",
          "name": "Custom Palette",
          "colors": [],
          "values": [],
          "fixedValues": false
        },
        "paletteType": "CONTINUOUS",
        "quantizationMode": "LINEAR",
        "numQuantizeSteps": 5,
        "paletteMiddleValue": 0.0,
        "customColors": {},
        "heatDensityMapIntensity": 0.5,
        "heatDensityMapRadius": 0.5
      },
      "bubblesOptions": {
        "defaultRadius": 5.0,
        "singleShape": "FILLED_CIRCLE"
      },
      "computeMode": "NORMAL",
      "xAxisMode": "NORMAL",
      "yAxisMode": "NORMAL",
      "pieOptions": {
        "donutHoleSize": 54.0
      },
      "scatterOptions": {
        "equalScales": false,
        "identityLine": false
      },
      "mapOptions": {
        "tilesLayer": "cartodb-positron",
        "lockSquareGrid": false
      },
      "mapGridOptions": {
        "gridLonDeg": 0.6,
        "gridLatDeg": 0.6
      },
      "useLiveProcessingIfAvailable": true,
      "legendPlacement": "OUTER_RIGHT",
      "pivotMeasureDisplayMode": "ROWS",
      "pivotDisplayTotals": {
        "subTotals": {
          "rows": true,
          "columns": true
        },
        "grandTotal": {
          "row": true,
          "column": true
        }
      }
    }
  },
  "owner": "admin",
  "listed": false,
  "name": "New chart on transactions_stacked_joined_prepared2",
  "dashboardCreationId": "ZZdT0OQ",
  "versionTag": {
    "versionNumber": 0,
    "lastModifiedBy": {
      "login": "admin"
    },
    "lastModifiedOn": 1687531652840
  },
  "creationTag": {
    "versionNumber": 0,
    "lastModifiedBy": {
      "login": "admin"
    },
    "lastModifiedOn": 1687531652840
  },
  "tags": [],
  "customFields": {},
  "checklists": {
    "checklists": []
  }
}