{
  "pages": [
    {
      "id": "iTY1NT7",
      "grid": {
        "tiles": [
          {
            "tileType": "INSIGHT",
            "box": {
              "top": 0,
              "left": 0,
              "width": 2,
              "height": 2
            },
            "clickAction": "DO_NOTHING",
            "tileParams": {
              "showXAxis": true,
              "showYAxis": true,
              "showLegend": false,
              "showTooltips": true,
              "autoPlayAnimation": true
            },
            "autoLoad": true,
            "showTitle": "YES",
            "insightId": "cZjY2GN",
            "insightType": "chart",
            "displayMode": "INSIGHT",
            "resizeImageMode": "FIT_SIZE"
          }
        ]
      },
      "title": "2",
      "showTitle": false
    }
  ],
  "owner": "admin",
  "listed": true,
  "name": "Credit Card Fraud Quentin VIEGAS\u0027s default dashboard",
  "showGrid": true,
  "versionTag": {
    "versionNumber": 6,
    "lastModifiedBy": {
      "login": "admin"
    },
    "lastModifiedOn": 1687531687760
  },
  "creationTag": {
    "versionNumber": 0,
    "lastModifiedBy": {
      "login": "admin"
    },
    "lastModifiedOn": 1687525970946
  },
  "tags": [],
  "customFields": {},
  "checklists": {
    "checklists": []
  }
}